{
    "test_loss": 0.025241514667868614,
    "test_accuracy": 0.9647936177592785,
    "test_precision": 0.8909853249475891,
    "test_recall": 0.8956796628029505,
    "test_f1": 0.8933263268523384,
    "roc_auc": 0.9835409059020639,
    "confusion_matrix": {
        "true_negatives": 4713,
        "false_positives": 104,
        "false_negatives": 99,
        "true_positives": 850
    }
}