skin_type,count,percentage
1,227,7.566666666666666
2,698,23.266666666666666
3,667,22.233333333333334
4,267,8.9
5,165,5.5
6,207,6.9
7,352,11.733333333333333
8,167,5.566666666666666
9,77,2.566666666666667
10,173,5.766666666666667
