skin_type,count,benign_count,malignant_count,benign_percent,malignant_percent,accuracy,precision,recall,f1,true_negatives,false_positives,false_negatives,true_positives,false_positive_rate,false_negative_rate
1,1490,973,517,65.30201342281879,34.697986577181204,0.9758389261744966,0.9743589743589743,0.9555125725338491,0.96484375,960,13,23,494,0.013360739979445015,0.04448742746615087
2,1077,1022,55,94.89322191272052,5.10677808727948,0.9814298978644382,0.8181818181818182,0.8181818181818182,0.8181818181818182,1012,10,10,45,0.009784735812133072,0.18181818181818182
3,931,836,95,89.79591836734694,10.204081632653061,0.9656283566058003,0.8620689655172413,0.7894736842105263,0.8241758241758241,824,12,20,75,0.014354066985645933,0.21052631578947367
4,875,765,110,87.42857142857143,12.571428571428573,0.9691428571428572,0.8807339449541285,0.8727272727272727,0.8767123287671232,752,13,14,96,0.01699346405228758,0.12727272727272726
5,1071,949,122,88.60877684407096,11.391223155929039,0.9682539682539683,0.9150943396226415,0.7950819672131147,0.8508771929824561,940,9,25,97,0.009483667017913594,0.20491803278688525
6,256,224,32,87.5,12.5,0.9765625,0.8823529411764706,0.9375,0.9090909090909091,220,4,2,30,0.017857142857142856,0.0625
7,66,48,18,72.72727272727273,27.27272727272727,0.9696969696969697,0.9444444444444444,0.9444444444444444,0.9444444444444444,47,1,1,17,0.020833333333333332,0.05555555555555555
