{
    "test_loss": 0.10125219076871872,
    "test_accuracy": 0.975199445022546,
    "test_precision": 0.9487750556792873,
    "test_recall": 0.8977871443624869,
    "test_f1": 0.9225771521386031,
    "roc_auc": 0.9868497875783716,
    "confusion_matrix": {
        "true_negatives": 4771,
        "false_positives": 46,
        "false_negatives": 97,
        "true_positives": 852
    }
}