skin_type,count,percentage
1,2658,8.02390871218982
2,8260,24.935096298979655
3,7178,21.66877981042082
4,3222,9.726498822677051
5,1890,5.705488136207209
6,2089,6.30622471774437
7,3454,10.426855038338465
8,1472,4.443639437300006
9,875,2.6414296926885226
10,2028,6.122079333454084
