{
    "test_loss": 0.029346585273742676,
    "test_accuracy": 0.9727714186611169,
    "test_precision": 0.9323144104803494,
    "test_recall": 0.8998946259220232,
    "test_f1": 0.9158176943699732,
    "roc_auc": 0.9833619646610736,
    "confusion_matrix": {
        "true_negatives": 4755,
        "false_positives": 62,
        "false_negatives": 95,
        "true_positives": 854
    }
}